Неделя,Даты,ПН — лёгкий (recovery),СР — интервалы,ЧТ — сессия,СБ — parkrun,ВС — длинный,Недельный ориентировочный объём
17,26.01.2026–01.02.2026,8км  z1-z2,5×1200м верх z4-z5,"8км (1 км в темпе z2, 6км в темпе верх z3 начало z4, последний км в z2)",5км легко,18км z2,49.5км
18,02.02.2026–08.02.2026,9км z1-z2,6×1200м z4-z5,9км: лёгко (Z2 низ) → 3 км Z4 низ → восстановление (Z1–низ Z2) → 3 км Z4 низ → лёгко (Z2 низ).,5км легко,19км z2,54.2км
19,09.02.2026–15.02.2026,9км z1-z2,6×1200м z4-z5,"8км (1 км в темпе z2, 6км в темпе верх z3 начало z4, последний км в z2)",5км легко,20км z2,54.2км
20,16.02.2026–22.02.2026,6км z1-z2,5×800м z4-z5,6км по z2,5км легко,14км z2,39.2км
21,23.02.2026–01.03.2026,8км z1-z2,5×1600м z4-z5,10км по 6:05,5км легко,18км по 7:25,53.6км
22,02.03.2026–08.03.2026,9км z1-z2,6×1600м z4-z5,9км по z2,5км легко,"19км z2
3км легко + 2×5км в верх Z3/низ Z4 (между ними 1км легко) + остаток легко",56.6км
23,09.03.2026–15.03.2026,8км z1-z2,5×1000м z4-z5,8км z2,5км легко,14км z2,44.4км
24,16.03.2026–22.03.2026,6км z1-z2,3×600м z4-z5,6км в z2,5км легко,"Полумарафон!!!!!!!!
первые 3–5км низ Z3, дальше HMP (верх Z3/низ Z4), финиш по самочувствию",22.3км + полумарафон
